-- phpMyAdmin SQL Dump
-- version 3.5.2.2
-- http://www.phpmyadmin.net
--
-- Host: 127.0.0.1
-- Generation Time: Jul 23, 2013 at 02:10 AM
-- Server version: 5.5.18
-- PHP Version: 5.4.7

SET SQL_MODE="NO_AUTO_VALUE_ON_ZERO";
SET time_zone = "+00:00";


/*!40101 SET @OLD_CHARACTER_SET_CLIENT=@@CHARACTER_SET_CLIENT */;
/*!40101 SET @OLD_CHARACTER_SET_RESULTS=@@CHARACTER_SET_RESULTS */;
/*!40101 SET @OLD_COLLATION_CONNECTION=@@COLLATION_CONNECTION */;
/*!40101 SET NAMES utf8 */;

--
-- Database: `npower`
--

-- --------------------------------------------------------

--
-- Table structure for table `appliances`
--

CREATE TABLE IF NOT EXISTS `appliances` (
  `appliance_id` int(11) NOT NULL AUTO_INCREMENT,
  `name` varchar(200) NOT NULL,
  `wattage` int(11) NOT NULL,
  PRIMARY KEY (`appliance_id`)
) ENGINE=InnoDB  DEFAULT CHARSET=latin1 AUTO_INCREMENT=28 ;

--
-- Dumping data for table `appliances`
--

INSERT INTO `appliances` (`appliance_id`, `name`, `wattage`) VALUES
(1, 'Coffee maker', 900),
(2, 'Clothes washer', 300),
(3, 'Clothes dryer', 1800),
(4, 'Dishwasher ', 1200),
(5, 'Dehumidifier', 785),
(6, 'Electric blanket Double', 100),
(7, 'Ceiling Fan', 65),
(8, 'Hair dryer', 1200),
(9, 'Heater (portable)', 750),
(10, 'Clothes iron', 1000),
(11, 'Microwave oven', 750),
(12, 'Personal computer', 120),
(13, 'CPU - awake', 120),
(14, 'CPU - asleep', 30),
(15, 'Monitor - awake', 150),
(16, 'Monitor - asleep', 30),
(17, 'Laptop', 50),
(18, 'Radio (stereo)', 300),
(19, 'Refrigerator (frost-free, 16 cubic feet)', 725),
(20, '19&quot; Televisions', 95),
(21, '27&quot; Televisions', 113),
(22, '36&quot; Televisions', 133),
(23, '53&quot; - 61&quot; Televisions', 170),
(24, 'Toaster ', 800),
(25, 'VCR', 17),
(26, 'DVD', 20),
(27, 'Vacuum cleaner', 1000);

-- --------------------------------------------------------

--
-- Table structure for table `providers`
--

CREATE TABLE IF NOT EXISTS `providers` (
  `provider_id` int(11) NOT NULL AUTO_INCREMENT,
  `title` text NOT NULL,
  PRIMARY KEY (`provider_id`)
) ENGINE=InnoDB  DEFAULT CHARSET=latin1 AUTO_INCREMENT=6 ;

--
-- Dumping data for table `providers`
--

INSERT INTO `providers` (`provider_id`, `title`) VALUES
(1, 'Best Energy'),
(2, 'Energise'),
(3, 'Energy Experts'),
(4, 'Gas and Power'),
(5, 'Power Up');

-- --------------------------------------------------------

--
-- Table structure for table `regions`
--

CREATE TABLE IF NOT EXISTS `regions` (
  `region_id` int(11) NOT NULL,
  `title` varchar(50) NOT NULL,
  PRIMARY KEY (`region_id`)
) ENGINE=InnoDB DEFAULT CHARSET=latin1;

--
-- Dumping data for table `regions`
--

INSERT INTO `regions` (`region_id`, `title`) VALUES
(10, 'Eastern'),
(11, 'East Midlands'),
(12, 'London'),
(13, 'North Wales & Merseyside'),
(14, 'West Midlands'),
(15, 'North East'),
(16, 'North West'),
(17, 'North Scotland'),
(18, 'South Scotland'),
(19, 'South East'),
(20, 'Southern'),
(21, 'South Wales'),
(22, 'South West'),
(23, 'Yorkshire');

-- --------------------------------------------------------

--
-- Table structure for table `rewards`
--

CREATE TABLE IF NOT EXISTS `rewards` (
  `reward_id` int(11) NOT NULL AUTO_INCREMENT,
  `title` varchar(100) NOT NULL,
  `cost` varchar(100) NOT NULL,
  `image_url` text NOT NULL,
  PRIMARY KEY (`reward_id`)
) ENGINE=InnoDB  DEFAULT CHARSET=latin1 AUTO_INCREMENT=4 ;

--
-- Dumping data for table `rewards`
--

INSERT INTO `rewards` (`reward_id`, `title`, `cost`, `image_url`) VALUES
(1, 'Game Console', '100', ''),
(2, 'Toaster', '20', ''),
(3, 'thing', '0.001', '');

-- --------------------------------------------------------

--
-- Table structure for table `tariffs`
--

CREATE TABLE IF NOT EXISTS `tariffs` (
  `tariff_id` int(11) NOT NULL AUTO_INCREMENT,
  `provider_id` int(11) NOT NULL,
  `tariff_label` varchar(50) NOT NULL,
  `unit_rate` varchar(50) NOT NULL,
  `standing_charge` varchar(50) NOT NULL,
  `region_id` int(11) NOT NULL,
  PRIMARY KEY (`tariff_id`,`provider_id`,`tariff_label`,`region_id`)
) ENGINE=InnoDB  DEFAULT CHARSET=latin1 AUTO_INCREMENT=351 ;

--
-- Dumping data for table `tariffs`
--

INSERT INTO `tariffs` (`tariff_id`, `provider_id`, `tariff_label`, `unit_rate`, `standing_charge`, `region_id`) VALUES
(1, 1, '1', '0.1314', '0.1228', 10),
(2, 1, '2', '0.141912', '0.200778', 10),
(3, 1, '3', '0.094608', '0.1606224', 10),
(4, 1, '4', '0.283824', '1.76832', 10),
(5, 1, '5', '0.136656', '1.5043', 10),
(6, 1, '1', '0.10392', '0.156', 11),
(7, 1, '2', '0.11691', '0.204048', 11),
(8, 1, '3', '0.093528', '0.204048', 11),
(9, 1, '4', '0.23382', '1.4976', 11),
(10, 1, '5', '0.16887', '1.22304', 11),
(11, 1, '1', '0.10848', '0.1357', 12),
(12, 1, '2', '0.146448', '0.1774956', 12),
(13, 1, '3', '0.0781056', '0.14199648', 12),
(14, 1, '4', '0.24408', '1.563264', 12),
(15, 1, '5', '0.141024', '1.063888', 12),
(16, 1, '1', '0.1389', '0.1357', 13),
(17, 1, '2', '0.12501', '0.147913', 13),
(18, 1, '3', '0.0800064', '0.1774956', 13),
(19, 1, '4', '0.25002', '1.563264', 13),
(20, 1, '5', '0.18057', '1.32986', 13),
(21, 1, '1', '0.10488', '0.126', 14),
(22, 1, '2', '0.11799', '0.20601', 14),
(23, 1, '3', '0.0755136', '0.164808', 14),
(24, 1, '4', '0.23598', '1.512', 14),
(25, 1, '5', '0.136344', '1.5435', 14),
(26, 1, '1', '0.1334', '0.1776', 15),
(27, 1, '2', '0.12006', '0.2323008', 15),
(28, 1, '3', '0.096048', '0.2323008', 15),
(29, 1, '4', '0.288144', '2.045952', 15),
(30, 1, '5', '0.138736', '1.74048', 15),
(31, 1, '1', '0.1048', '0.1176', 16),
(32, 1, '2', '0.1179', '0.192276', 16),
(33, 1, '3', '0.075456', '0.1538208', 16),
(34, 1, '4', '0.2358', '1.4112', 16),
(35, 1, '5', '0.1703', '1.4406', 16),
(36, 1, '1', '0.1429', '0.11728', 17),
(37, 1, '2', '0.154332', '0.159794', 17),
(38, 1, '3', '0.0823104', '0.15340224', 17),
(39, 1, '4', '0.25722', '1.688832', 17),
(40, 1, '5', '0.148616', '1.149344', 17),
(41, 1, '1', '0.1379', '0.1678', 18),
(42, 1, '2', '0.12411', '0.2194824', 18),
(43, 1, '3', '0.099288', '0.17558592', 18),
(44, 1, '4', '0.297864', '1.933056', 18),
(45, 1, '5', '0.143416', '1.64444', 18),
(46, 1, '1', '0.10392', '0.12952', 19),
(47, 1, '2', '0.140292', '0.2117652', 19),
(48, 1, '3', '0.093528', '0.2117652', 19),
(49, 1, '4', '0.280584', '1.55424', 19),
(50, 1, '5', '0.135096', '1.58662', 19),
(51, 1, '1', '0.10584', '0.1531', 20),
(52, 1, '2', '0.11907', '0.166879', 20),
(53, 1, '3', '0.095256', '0.2002548', 20),
(54, 1, '4', '0.285768', '1.46976', 20),
(55, 1, '5', '0.137592', '1.50038', 20),
(56, 1, '1', '0.1413', '0.07192', 21),
(57, 1, '2', '0.152604', '0.1175892', 21),
(58, 1, '3', '0.0813888', '0.1175892', 21),
(59, 1, '4', '0.305208', '1.035648', 21),
(60, 1, '5', '0.146952', '0.88102', 21),
(61, 1, '1', '0.1176', '0.091', 22),
(62, 1, '2', '0.15876', '0.119028', 22),
(63, 1, '3', '0.10584', '0.119028', 22),
(64, 1, '4', '0.2646', '0.8736', 22),
(65, 1, '5', '0.1911', '0.8918', 22),
(66, 1, '1', '0.10376', '0.1352', 23),
(67, 1, '2', '0.11673', '0.221052', 23),
(68, 1, '3', '0.093384', '0.1768416', 23),
(69, 1, '4', '0.23346', '1.6224', 23),
(70, 1, '5', '0.16861', '1.6562', 23),
(71, 2, '1', '0.10512', '0.1535', 10),
(72, 2, '2', '0.11826', '0.200778', 10),
(73, 2, '3', '0.094608', '0.200778', 10),
(74, 2, '4', '0.283824', '1.4736', 10),
(75, 2, '5', '0.136656', '1.20344', 10),
(76, 2, '1', '0.10392', '0.156', 11),
(77, 2, '2', '0.11691', '0.204048', 11),
(78, 2, '3', '0.0748224', '0.1632384', 11),
(79, 2, '4', '0.280584', '1.79712', 11),
(80, 2, '5', '0.16887', '1.22304', 11),
(81, 2, '1', '0.1356', '0.10856', 12),
(82, 2, '2', '0.146448', '0.1774956', 12),
(83, 2, '3', '0.097632', '0.1774956', 12),
(84, 2, '4', '0.292896', '1.563264', 12),
(85, 2, '5', '0.17628', '1.063888', 12),
(86, 2, '1', '0.1389', '0.1357', 13),
(87, 2, '2', '0.150012', '0.147913', 13),
(88, 2, '3', '0.100008', '0.14199648', 13),
(89, 2, '4', '0.300024', '1.563264', 13),
(90, 2, '5', '0.18057', '1.32986', 13),
(91, 2, '1', '0.1311', '0.1575', 14),
(92, 2, '2', '0.11799', '0.171675', 14),
(93, 2, '3', '0.094392', '0.20601', 14),
(94, 2, '4', '0.23598', '1.512', 14),
(95, 2, '5', '0.136344', '1.5435', 14),
(96, 2, '1', '0.10672', '0.1776', 15),
(97, 2, '2', '0.144072', '0.193584', 15),
(98, 2, '3', '0.0768384', '0.18584064', 15),
(99, 2, '4', '0.288144', '2.045952', 15),
(100, 2, '5', '0.17342', '1.392384', 15),
(101, 2, '1', '0.1048', '0.1176', 16),
(102, 2, '2', '0.1179', '0.16023', 16),
(103, 2, '3', '0.075456', '0.1538208', 16),
(104, 2, '4', '0.2358', '1.4112', 16),
(105, 2, '5', '0.13624', '1.4406', 16),
(106, 2, '1', '0.11432', '0.1466', 17),
(107, 2, '2', '0.154332', '0.159794', 17),
(108, 2, '3', '0.102888', '0.15340224', 17),
(109, 2, '4', '0.308664', '1.688832', 17),
(110, 2, '5', '0.148616', '1.149344', 17),
(111, 2, '1', '0.11032', '0.1678', 18),
(112, 2, '2', '0.148932', '0.182902', 18),
(113, 2, '3', '0.0794304', '0.17558592', 18),
(114, 2, '4', '0.297864', '1.933056', 18),
(115, 2, '5', '0.143416', '1.64444', 18),
(116, 2, '1', '0.10392', '0.12952', 19),
(117, 2, '2', '0.140292', '0.176471', 19),
(118, 2, '3', '0.0748224', '0.16941216', 19),
(119, 2, '4', '0.23382', '1.55424', 19),
(120, 2, '5', '0.135096', '1.269296', 19),
(121, 2, '1', '0.10584', '0.12248', 20),
(122, 2, '2', '0.142884', '0.166879', 20),
(123, 2, '3', '0.095256', '0.2002548', 20),
(124, 2, '4', '0.23814', '1.46976', 20),
(125, 2, '5', '0.137592', '1.50038', 20),
(126, 2, '1', '0.1413', '0.07192', 21),
(127, 2, '2', '0.12717', '0.1175892', 21),
(128, 2, '3', '0.0813888', '0.09407136', 21),
(129, 2, '4', '0.25434', '1.035648', 21),
(130, 2, '5', '0.146952', '0.88102', 21),
(131, 2, '1', '0.147', '0.0728', 22),
(132, 2, '2', '0.15876', '0.119028', 22),
(133, 2, '3', '0.084672', '0.119028', 22),
(134, 2, '4', '0.2646', '1.04832', 22),
(135, 2, '5', '0.15288', '0.71344', 22),
(136, 2, '1', '0.10376', '0.169', 23),
(137, 2, '2', '0.11673', '0.221052', 23),
(138, 2, '3', '0.093384', '0.1768416', 23),
(139, 2, '4', '0.23346', '1.6224', 23),
(140, 2, '5', '0.16861', '1.32496', 23),
(141, 3, '1', '0.1314', '0.1535', 10),
(142, 3, '2', '0.141912', '0.200778', 10),
(143, 3, '3', '0.0756864', '0.200778', 10),
(144, 3, '4', '0.283824', '1.76832', 10),
(145, 3, '5', '0.17082', '1.20344', 10),
(146, 3, '1', '0.1299', '0.156', 11),
(147, 3, '2', '0.11691', '0.204048', 11),
(148, 3, '3', '0.093528', '0.1632384', 11),
(149, 3, '4', '0.280584', '1.79712', 11),
(150, 3, '5', '0.16887', '1.5288', 11),
(151, 3, '1', '0.10848', '0.10856', 12),
(152, 3, '2', '0.12204', '0.147913', 12),
(153, 3, '3', '0.097632', '0.1774956', 12),
(154, 3, '4', '0.24408', '1.30272', 12),
(155, 3, '5', '0.141024', '1.063888', 12),
(156, 3, '1', '0.1389', '0.10856', 13),
(157, 3, '2', '0.150012', '0.147913', 13),
(158, 3, '3', '0.0800064', '0.1774956', 13),
(159, 3, '4', '0.300024', '1.30272', 13),
(160, 3, '5', '0.18057', '1.063888', 13),
(161, 3, '1', '0.10488', '0.1575', 14),
(162, 3, '2', '0.141588', '0.171675', 14),
(163, 3, '3', '0.0755136', '0.20601', 14),
(164, 3, '4', '0.23598', '1.8144', 14),
(165, 3, '5', '0.136344', '1.2348', 14),
(166, 3, '1', '0.10672', '0.1776', 15),
(167, 3, '2', '0.144072', '0.193584', 15),
(168, 3, '3', '0.0768384', '0.18584064', 15),
(169, 3, '4', '0.24012', '1.70496', 15),
(170, 3, '5', '0.17342', '1.392384', 15),
(171, 3, '1', '0.131', '0.1176', 16),
(172, 3, '2', '0.14148', '0.16023', 16),
(173, 3, '3', '0.075456', '0.192276', 16),
(174, 3, '4', '0.2358', '1.69344', 16),
(175, 3, '5', '0.1703', '1.4406', 16),
(176, 3, '1', '0.11432', '0.1466', 17),
(177, 3, '2', '0.154332', '0.159794', 17),
(178, 3, '3', '0.0823104', '0.15340224', 17),
(179, 3, '4', '0.25722', '1.688832', 17),
(180, 3, '5', '0.148616', '1.43668', 17),
(181, 3, '1', '0.1379', '0.1678', 18),
(182, 3, '2', '0.148932', '0.2194824', 18),
(183, 3, '3', '0.0794304', '0.2194824', 18),
(184, 3, '4', '0.24822', '1.61088', 18),
(185, 3, '5', '0.17927', '1.64444', 18),
(186, 3, '1', '0.10392', '0.12952', 19),
(187, 3, '2', '0.11691', '0.176471', 19),
(188, 3, '3', '0.093528', '0.2117652', 19),
(189, 3, '4', '0.23382', '1.865088', 19),
(190, 3, '5', '0.135096', '1.58662', 19),
(191, 3, '1', '0.10584', '0.1531', 20),
(192, 3, '2', '0.142884', '0.166879', 20),
(193, 3, '3', '0.095256', '0.16020384', 20),
(194, 3, '4', '0.285768', '1.46976', 20),
(195, 3, '5', '0.137592', '1.200304', 20),
(196, 3, '1', '0.1413', '0.07192', 21),
(197, 3, '2', '0.152604', '0.1175892', 21),
(198, 3, '3', '0.0813888', '0.09407136', 21),
(199, 3, '4', '0.305208', '1.035648', 21),
(200, 3, '5', '0.146952', '0.88102', 21),
(201, 3, '1', '0.147', '0.0728', 22),
(202, 3, '2', '0.15876', '0.09919', 22),
(203, 3, '3', '0.084672', '0.119028', 22),
(204, 3, '4', '0.31752', '1.04832', 22),
(205, 3, '5', '0.1911', '0.8918', 22),
(206, 3, '1', '0.10376', '0.169', 23),
(207, 3, '2', '0.11673', '0.221052', 23),
(208, 3, '3', '0.093384', '0.1768416', 23),
(209, 3, '4', '0.280152', '1.6224', 23),
(210, 3, '5', '0.134888', '1.32496', 23),
(211, 4, '1', '0.10512', '0.1228', 10),
(212, 4, '2', '0.141912', '0.200778', 10),
(213, 4, '3', '0.094608', '0.200778', 10),
(214, 4, '4', '0.23652', '1.76832', 10),
(215, 4, '5', '0.17082', '1.5043', 10),
(216, 4, '1', '0.1299', '0.1248', 11),
(217, 4, '2', '0.140292', '0.204048', 11),
(218, 4, '3', '0.093528', '0.1632384', 11),
(219, 4, '4', '0.23382', '1.79712', 11),
(220, 4, '5', '0.16887', '1.5288', 11),
(221, 4, '1', '0.10848', '0.1357', 12),
(222, 4, '2', '0.146448', '0.147913', 12),
(223, 4, '3', '0.0781056', '0.1774956', 12),
(224, 4, '4', '0.24408', '1.30272', 12),
(225, 4, '5', '0.141024', '1.063888', 12),
(226, 4, '1', '0.11112', '0.1357', 13),
(227, 4, '2', '0.12501', '0.147913', 13),
(228, 4, '3', '0.100008', '0.14199648', 13),
(229, 4, '4', '0.300024', '1.563264', 13),
(230, 4, '5', '0.144456', '1.32986', 13),
(231, 4, '1', '0.1311', '0.126', 14),
(232, 4, '2', '0.141588', '0.20601', 14),
(233, 4, '3', '0.094392', '0.164808', 14),
(234, 4, '4', '0.283176', '1.512', 14),
(235, 4, '5', '0.136344', '1.5435', 14),
(236, 4, '1', '0.1334', '0.1776', 15),
(237, 4, '2', '0.12006', '0.2323008', 15),
(238, 4, '3', '0.0768384', '0.2323008', 15),
(239, 4, '4', '0.24012', '1.70496', 15),
(240, 4, '5', '0.17342', '1.74048', 15),
(241, 4, '1', '0.1048', '0.147', 16),
(242, 4, '2', '0.14148', '0.192276', 16),
(243, 4, '3', '0.09432', '0.192276', 16),
(244, 4, '4', '0.2358', '1.4112', 16),
(245, 4, '5', '0.1703', '1.4406', 16),
(246, 4, '1', '0.11432', '0.11728', 17),
(247, 4, '2', '0.12861', '0.1917528', 17),
(248, 4, '3', '0.102888', '0.1917528', 17),
(249, 4, '4', '0.25722', '1.688832', 17),
(250, 4, '5', '0.148616', '1.149344', 17),
(251, 4, '1', '0.1379', '0.1678', 18),
(252, 4, '2', '0.148932', '0.2194824', 18),
(253, 4, '3', '0.0794304', '0.17558592', 18),
(254, 4, '4', '0.297864', '1.61088', 18),
(255, 4, '5', '0.143416', '1.315552', 18),
(256, 4, '1', '0.10392', '0.12952', 19),
(257, 4, '2', '0.140292', '0.2117652', 19),
(258, 4, '3', '0.0748224', '0.16941216', 19),
(259, 4, '4', '0.23382', '1.865088', 19),
(260, 4, '5', '0.135096', '1.58662', 19),
(261, 4, '1', '0.1323', '0.1531', 20),
(262, 4, '2', '0.11907', '0.2002548', 20),
(263, 4, '3', '0.0762048', '0.2002548', 20),
(264, 4, '4', '0.23814', '1.763712', 20),
(265, 4, '5', '0.137592', '1.200304', 20),
(266, 4, '1', '0.11304', '0.0899', 21),
(267, 4, '2', '0.12717', '0.1175892', 21),
(268, 4, '3', '0.101736', '0.09407136', 21),
(269, 4, '4', '0.305208', '1.035648', 21),
(270, 4, '5', '0.146952', '0.704816', 21),
(271, 4, '1', '0.147', '0.091', 22),
(272, 4, '2', '0.1323', '0.119028', 22),
(273, 4, '3', '0.10584', '0.119028', 22),
(274, 4, '4', '0.2646', '0.8736', 22),
(275, 4, '5', '0.15288', '0.8918', 22),
(276, 4, '1', '0.10376', '0.1352', 23),
(277, 4, '2', '0.11673', '0.221052', 23),
(278, 4, '3', '0.093384', '0.221052', 23),
(279, 4, '4', '0.23346', '1.94688', 23),
(280, 4, '5', '0.16861', '1.6562', 23),
(281, 5, '1', '0.1314', '0.1228', 10),
(282, 5, '2', '0.11826', '0.167315', 10),
(283, 5, '3', '0.094608', '0.1606224', 10),
(284, 5, '4', '0.23652', '1.76832', 10),
(285, 5, '5', '0.136656', '1.5043', 10),
(286, 5, '1', '0.10392', '0.1248', 11),
(287, 5, '2', '0.140292', '0.204048', 11),
(288, 5, '3', '0.0748224', '0.204048', 11),
(289, 5, '4', '0.23382', '1.79712', 11),
(290, 5, '5', '0.135096', '1.5288', 11),
(291, 5, '1', '0.1356', '0.10856', 12),
(292, 5, '2', '0.146448', '0.147913', 12),
(293, 5, '3', '0.097632', '0.14199648', 12),
(294, 5, '4', '0.292896', '1.563264', 12),
(295, 5, '5', '0.17628', '1.063888', 12),
(296, 5, '1', '0.11112', '0.1357', 13),
(297, 5, '2', '0.12501', '0.1774956', 13),
(298, 5, '3', '0.0800064', '0.14199648', 13),
(299, 5, '4', '0.25002', '1.563264', 13),
(300, 5, '5', '0.18057', '1.063888', 13),
(301, 5, '1', '0.10488', '0.126', 14),
(302, 5, '2', '0.141588', '0.20601', 14),
(303, 5, '3', '0.094392', '0.164808', 14),
(304, 5, '4', '0.283176', '1.8144', 14),
(305, 5, '5', '0.136344', '1.5435', 14),
(306, 5, '1', '0.1334', '0.1776', 15),
(307, 5, '2', '0.144072', '0.2323008', 15),
(308, 5, '3', '0.096048', '0.18584064', 15),
(309, 5, '4', '0.288144', '1.70496', 15),
(310, 5, '5', '0.138736', '1.392384', 15),
(311, 5, '1', '0.1048', '0.1176', 16),
(312, 5, '2', '0.14148', '0.192276', 16),
(313, 5, '3', '0.075456', '0.192276', 16),
(314, 5, '4', '0.2358', '1.69344', 16),
(315, 5, '5', '0.1703', '1.15248', 16),
(316, 5, '1', '0.11432', '0.11728', 17),
(317, 5, '2', '0.12861', '0.159794', 17),
(318, 5, '3', '0.0823104', '0.1917528', 17),
(319, 5, '4', '0.25722', '1.688832', 17),
(320, 5, '5', '0.148616', '1.43668', 17),
(321, 5, '1', '0.1379', '0.13424', 18),
(322, 5, '2', '0.12411', '0.2194824', 18),
(323, 5, '3', '0.099288', '0.17558592', 18),
(324, 5, '4', '0.297864', '1.933056', 18),
(325, 5, '5', '0.143416', '1.315552', 18),
(326, 5, '1', '0.1299', '0.1619', 19),
(327, 5, '2', '0.140292', '0.176471', 19),
(328, 5, '3', '0.093528', '0.16941216', 19),
(329, 5, '4', '0.280584', '1.55424', 19),
(330, 5, '5', '0.16887', '1.58662', 19),
(331, 5, '1', '0.1323', '0.12248', 20),
(332, 5, '2', '0.11907', '0.2002548', 20),
(333, 5, '3', '0.0762048', '0.2002548', 20),
(334, 5, '4', '0.285768', '1.763712', 20),
(335, 5, '5', '0.137592', '1.50038', 20),
(336, 5, '1', '0.11304', '0.0899', 21),
(337, 5, '2', '0.12717', '0.097991', 21),
(338, 5, '3', '0.0813888', '0.1175892', 21),
(339, 5, '4', '0.305208', '0.86304', 21),
(340, 5, '5', '0.18369', '0.88102', 21),
(341, 5, '1', '0.1176', '0.091', 22),
(342, 5, '2', '0.1323', '0.119028', 22),
(343, 5, '3', '0.10584', '0.0952224', 22),
(344, 5, '4', '0.31752', '1.04832', 22),
(345, 5, '5', '0.1911', '0.71344', 22),
(346, 5, '1', '0.1297', '0.169', 23),
(347, 5, '2', '0.11673', '0.221052', 23),
(348, 5, '3', '0.093384', '0.221052', 23),
(349, 5, '4', '0.280152', '1.94688', 23),
(350, 5, '5', '0.16861', '1.32496', 23);

-- --------------------------------------------------------

--
-- Table structure for table `timers`
--

CREATE TABLE IF NOT EXISTS `timers` (
  `user_id` varchar(200) NOT NULL,
  `appliance_id` int(11) NOT NULL,
  `is_active` tinyint(1) NOT NULL,
  `timestamp_string` text NOT NULL,
  PRIMARY KEY (`user_id`,`appliance_id`)
) ENGINE=InnoDB DEFAULT CHARSET=latin1;

--
-- Dumping data for table `timers`
--

INSERT INTO `timers` (`user_id`, `appliance_id`, `is_active`, `timestamp_string`) VALUES
('2a550081-364e-4aa5-b438-4b21f60c158e', 1, 0, '1374105405761,1374105413238,1374441394124,1374442648811,1374444784108,1374444785673,1374449755869,1374450718664,1374450719436,1374450721466'),
('2a550081-364e-4aa5-b438-4b21f60c158e', 2, 0, '1374450718379,1374450719708');

-- --------------------------------------------------------

--
-- Table structure for table `users`
--

CREATE TABLE IF NOT EXISTS `users` (
  `user_id` varchar(100) NOT NULL,
  `start_timestamp` varchar(100) NOT NULL,
  `region_id` int(11) NOT NULL,
  `provider_id` int(11) NOT NULL,
  `tariff_id` int(11) NOT NULL,
  PRIMARY KEY (`user_id`)
) ENGINE=InnoDB DEFAULT CHARSET=latin1;

--
-- Dumping data for table `users`
--

INSERT INTO `users` (`user_id`, `start_timestamp`, `region_id`, `provider_id`, `tariff_id`) VALUES
('2a550081-364e-4aa5-b438-4b21f60c158e', '2a550081-364e-4aa5-b438-4b21f60c158e', 10, 1, 1);

/*!40101 SET CHARACTER_SET_CLIENT=@OLD_CHARACTER_SET_CLIENT */;
/*!40101 SET CHARACTER_SET_RESULTS=@OLD_CHARACTER_SET_RESULTS */;
/*!40101 SET COLLATION_CONNECTION=@OLD_COLLATION_CONNECTION */;
